inchikey,compound_name,compound_class,fungal_producer,n_spectra,doi,example_accession
DWCXXICTUDDKTB-ZYHUDNBSSA-N,(+)-Flavipucine,Polyketides,Phoma sp. strain 7204,1,doi:10.1002/ejoc.201100284,MycoMSB-HZI-001001
IUVFAJHMVAFLJE-OAHLLOKOSA-N,"(3aS)-3a,5,5,8-tetramethyl-3,3a,4,5-tetrahydro-1Hcyclopenta[de]isochromen-1-one",Terpenoids,Hypoxylon rickii,4,doi:10.1016/j.phytochem.2015.06.002,MycoMSB-HZI-000169
OGKCRIOQDYPIOZ-OAHLLOKOSA-N,"(3aS)-6-hydroxy-3a,5,5,8-tetramethyl-3,3a,4,5-tetrahydro-1Hcyclopenta[de]isochromen1-one",Terpenoids,Hypoxylon rickii,8,doi:10.1016/j.phytochem.2015.06.002,MycoMSB-HZI-000034
PCEVLQFNPPWJEB-NZDRZINCSA-N,"(3aS,8R)-3a,5,5,8-tetramethyl-3,3a,4,5,7,8-hexahydro-1Hcyclopenta[de]isochromen-1-one",Terpenoids,Hypoxylon rickii,8,doi:10.1016/j.phytochem.2015.06.002,MycoMSB-HZI-000058
AVIRMQMUBGNCKS-RWCYGVJQSA-N,"10,11-Dehydrocurvularin",Polyketides,Curvularia sp. (strain no. 768),3,doi:10.1002/ejoc.200800522,MycoMSB-HZI-000753
JFKIKEXCYGLNTH-GNMVUSIZSA-N,10-Dehydroxy-Melleolide B,Unknown,Armillaria ostoyae,3,doi:10.1002/anie.202318505,MycoMSB-HZI-003034
CAMCSBCRRUTMEK-OAHLLOKOSA-N,10-Oxodehydrodihydrobotrydial,Terpenoids,Hypoxylon rickii,5,doi:10.1016/j.phytochem.2015.06.002,MycoMSB-HZI-000044
SUXBYGIWCZZVIR-FJKCABEUSA-N,14-Hydroxy-dihydropleurotinic acid,Unknown,Hohenbuehelia grisea,4,doi:10.3390/molecules23102697,MycoMSB-HZI-003190
RGIWEJOMKQEMPD-BMLXAOGMSA-N,"19,20-epoxycytochalasin N",Alkaloids,Xylaria hypoxylon,1,doi:10.1016/s0040-4020(97)00305-0,MycoMSB-HZI-000703
GSPOYKSHFNFUKI-HDSNRSDKSA-N,"19,20-epoxycytochalasin Q",Alkaloids,Xylaria obovata,1,doi:10.1016/s0040-4020(01)85632-5,MycoMSB-HZI-000709
WHJRAYUHVRYTTH-MQQXPATASA-N,19;20-epoxycytochalasin D,Unknown,Xylaria sp.,1,doi:10.1021/jacsau.5c01093,MycoMSB-HZI-003055
ZRQXUMMXFUTNSQ-UHFFFAOYSA-N,2-Phenylethyl 3-hydroxyanthranilate,Alkaloids,Dendrothyrium variisporum,3,doi:10.3390/molecules22101674,MycoMSB-HZI-003134
YSJADBHWPWGSNO-YXNCFWFCSA-N,21-Acetoxycytochalasin J3,Alkaloids,Diaporthe sp. GDG-118,2,doi:10.1080/14786419.2019.1700504,MycoMSB-HZI-000277
VHWTVINEPPOCLA-DTMQFJJTSA-N,3-Deoxyaphidicolin,Terpenoids,Phoma betae Frank PS-13,4,doi:10.1093/nar/11.4.1197,MycoMSB-HZI-000592
CVALYSHQGNNHOX-HRNDHEOUSA-N,3-Hydroxy-dihydropleurotinic acid,Unknown,Hohenbuehelia grisea MFLUCC 12-0451,1,doi:10.3390/molecules23102697,MycoMSB-HZI-002023
YUPNZPIXVOVXID-ZQWRCKPKSA-N,4-Hydroxy-pleurogrisein,Unknown,Hohenbuehelia grisea,3,doi:10.3390/molecules23102697,MycoMSB-HZI-003111
PETDNGRBYPTDNI-QSNWBFGMSA-N,5'-O-Methylmelledonal,Terpenoids,Armillaria mellea,2,doi:10.1016/s0031-9422(00)84599-9,MycoMSB-HZI-000436
IJVMFVNOQBFBBA-HKGPVOKGSA-N,5-Methoxycarbonylmellein,Unknown,Xylaria sp.,1,doi:10.1186/s12896-025-00978-2,MycoMSB-HZI-003155
VVRUNWFPOWIBDY-WPCRTTGESA-N,5-Methoxysterigmatocystin,Unknown,Aspergillus versicolor,2,doi:10.1038/ja.2010.154,MycoMSB-HZI-003027
YETSBBYQOFXYGV-UHFFFAOYSA-N,5-Methylmellein,Polyketides,Hypoxylon ticinense,2,doi:10.2509/naf2008.003.0075,MycoMSB-HZI-000041
YETSBBYQOFXYGV-SSDOTTSWSA-N,5-Methylmellein,Shikimates and Phenylpropanoids,Fusicoccum amygdali Del.,2,doi:10.1016/s0040-4039(01)99954-x,MycoMSB-HZI-000142
OLKIGKBTFQUWPZ-SHTLVRLNSA-N,"6""-hidroxymitorubrinol",Polyketides,Hypoxylon fulvo-sulphureum,2,doi:10.1007/s11557-015-1043-1,MycoMSB-HZI-000021
DQKCGVTWWMUREA-OIUIXCLQSA-N,"6""-hidroxymitorubrinol acetate",Polyketides,Hypoxylon fulvo-sulphureum,2,doi:10.1007/s11557-015-1043-1,MycoMSB-HZI-000032
JLIDBLDQVAYHNE-YKALOCIXSA-N,Abscisic acid,Unknown,Roussoella sp.,4,doi:10.3390/molecules23092190,MycoMSB-HZI-003169
XRQFYNJEWGIVRD-SVPJLXCXSA-N,Aethiopinolone A,Unknown,Fomitiporia aethiopica,5,doi:10.3390/molecules23020369,MycoMSB-HZI-003010
XRQFYNJEWGIVRD-JBRJJFGXSA-N,Aethiopinolone B,Unknown,Fomitiporia aethiopica,4,doi:10.3390/molecules23020369,MycoMSB-HZI-003101
FCLBDRRJZHHDQW-IHTHKWLKSA-N,Aethiopinolone C,Unknown,Fomitiporia aethiopica,4,doi:10.3390/molecules23020369,MycoMSB-HZI-003122
REURLLABAXJJPQ-RDWZXKLLSA-N,Aethiopinolone E,Unknown,Fomitiporia aethiopica,3,doi:10.3390/molecules23020369,MycoMSB-HZI-003043
UBFMMVHBCJPQGU-WOYTXXSLSA-N,Akanthol,Unknown,Akanthomyces novoguineensis,3,doi:10.3390/molecules22060991,MycoMSB-HZI-003217
YEZBNJMKRUSNMX-DHRDOYSISA-N,Akanthopyrone A,Polyketides,Akanthomyces novoguineensis,3,doi:10.3390/molecules22071202,MycoMSB-HZI-003019
MBYABXDSJYHYQZ-XSHYYGNTSA-N,Akanthopyrone B,Unknown,Akanthomyces novoguineensis,3,doi:10.3390/molecules22071202,MycoMSB-HZI-003159
XXUPZZCHTILLMJ-XSHYYGNTSA-N,Akanthopyrone C,Unknown,Akanthomyces novoguineensis,1,doi:10.3390/molecules22071202,MycoMSB-HZI-003063
SIWDDRXALXNKAS-IQBSQLKFSA-N,Akanthopyrone D,Unknown,Akanthomyces novoguineensis,3,doi:10.3390/molecules22071202,MycoMSB-HZI-003156
QGSUXXMTBWZQKO-DTDLKUBXSA-N,Akanthozine,Amino acids and Peptides,Akanthomyces novoguineensis,2,doi:10.3390/molecules22060991,MycoMSB-HZI-003306
CEBXXEKPIIDJHL-UHFFFAOYSA-N,Alternariol,Shikimates and Phenylpropanoids,Alternaria tenuis,3,doi:10.1042/bj0550421,MycoMSB-HZI-000364
LCSDQFNUYFTXMT-UHFFFAOYSA-N,Alternariol monomethyl ether,Shikimates and Phenylpropanoids,Alternaria alternata,2,doi:10.1038/s41598-026-51757-8,MycoMSB-HZI-003085
NOFOAYPPHIUXJR-APNQCZIXSA-N,Aphidicolin,Terpenoids,Cephalosporium aphidicola,2,doi:10.1039/p19730002841,MycoMSB-HZI-000456
QETHRCCHQRWBIJ-OXKPQTCESA-N,Armillaridin,Terpenoids,Armillaria mellea,3,doi:10.1055/s-2007-969711,MycoMSB-HZI-000195
ISKWRTCZWOXOOF-GNMVUSIZSA-N,Armillarin,Terpenoids,Armillaria mellea,2,doi:10.1055/s-2007-969711,MycoMSB-HZI-000636
KWJJPEZBNLGOFB-RNNQDMPLSA-N,Arnamial,Terpenoids,Armillaria mellea,3,doi:10.1021/np900314p,MycoMSB-HZI-000192
XLKIJHXPWYIGIM-RXMQYKEDSA-N,Ascochin,Shikimates and Phenylpropanoids,Ascochyta sp. strain 6651,3,doi:10.1002/ejoc.200600907,MycoMSB-HZI-000326
GCIKKGSNXSCKCP-PJWJRCBPSA-N,Aspochalasin D,Alkaloids,Aspergillus niveus,7,doi:10.7164/antibiotics.57.715,MycoMSB-HZI-000247
TYOGSRFPSVCJQL-QYNSZGEFSA-N,Aspochalasin I,Alkaloids,Aspergillus flavipes,9,doi:10.1021/np030353m,MycoMSB-HZI-000237
GBCXTRJHTIEBIA-DNJNAQMOSA-N,Aspochalasin M,Alkaloids,Spicaria elegans,3,doi:10.1002/ejoc.200801085,MycoMSB-HZI-000263
RCAULRNMJFUWRP-CKXLWBSDSA-N,Aspyrone,Shikimates and Phenylpropanoids,Exophiala sp.,7,doi:10.1021/np800107c,MycoMSB-HZI-000315
QFIPVAAXLHOLFN-UHFFFAOYSA-N,Atromentic acid,Unknown,Phlebopus portentosus,5,doi:10.1007/s11557-020-01643-y,MycoMSB-HZI-003080
WGPOPPKSQRZUTP-LBPRGKRZSA-N,Averantin,Polyketides,Aspergillus parasiticus,1,doi:10.1039/j39660000855,MycoMSB-HZI-000412
JQUGYVKOYKGIRB-PGVJVUNISA-N,Beauvericin A,Amino acids and Peptides / Polyketides,Beauveria bassiana,2,doi:10.1021/np50119a012,MycoMSB-HZI-000689
N/A,Beauvericin B,Unknown,Penicillium sp.,72,doi:10.1016/s0040-4020(02)00294-6,MycoMSB-HZI-002350
SUYIKDSCLNTKHW-DDDLXJJSSA-N,Beauvericin C,Amino acids and Peptides / Polyketides,Paecilomyces tenuipes BCC 1614,2,doi:10.1016/s0040-4020(02)00294-6,MycoMSB-HZI-002963
OLNIDJKACOTPMU-NLBHBUGGSA-N,Beauverolide Jb,Amino acids and Peptides / Polyketides,Cordyceps javanica,3,doi:10.3762/bjoc.15.293,MycoMSB-HZI-000989
GWWZRNBLQTXNPF-SSXAXAPESA-N,Beauverolide L,Amino acids and Peptides / Polyketides,Beauveria tenella,2,doi:10.1016/s0031-9422(00)90402-3,MycoMSB-HZI-000682
LXLSWKSAGIQZMF-WNRNVDISSA-N,Bis-Heimiomycin A,Terpenoids,Heimiomyces sp.,3,doi:10.1021/acs.jnatprod.2c01015,MycoMSB-HZI-003140
RJFIFLLNROWBAM-WNRNVDISSA-N,Bis-Heimiomycin B,Terpenoids,Heimiomyces sp.,2,doi:10.1021/acs.jnatprod.2c01015,MycoMSB-HZI-003297
PSLHJDRJKOPNCG-WNRNVDISSA-N,Bis-Heimiomycin C,Terpenoids,Heimiomyces sp.,3,doi:10.1021/acs.jnatprod.2c01015,MycoMSB-HZI-003119
GNXOYKGSVQTWOE-UHFFFAOYSA-N,BNT,Polyketides,Hypoxylon carneum,1,doi:10.3897/mycokeys.66.50946,MycoMSB-HZI-000075
DSVSTMJOGQEZJX-BYLNDYCFSA-N,Botryenalol,Terpenoids,Botrytis cinerea,1,doi:10.1016/0031-9422(95)00643-5,MycoMSB-HZI-000826
WQENHTBYSXNZOC-QOFKYMNVSA-N,Brasilan D,Unknown,Annulohypoxylon truncatum,4,doi:10.1039/d0cc03950k,MycoMSB-HZI-003130
PLACAFVTIFFMKX-YKBJNMKISA-N,Brasilan E,Unknown,Annulohypoxylon truncatum,4,doi:10.1039/d0cc03950k,MycoMSB-HZI-003037
ZTCHPQNUISFMBP-OQHHHHLYSA-N,Brasilane A,Terpenoids,Annulohypoxylon truncatum,1,doi:10.1039/D0CC03950K,MycoMSB-HZI-000020
KQNZDYYTLMIZCT-KQPMLPITSA-N,Brefeldin A,Polyketides,Penicillium brefeldianum,2,doi:10.1002/hlca.19640470603,MycoMSB-HZI-000769
NGOLMNWQNHWEKU-DEOSSOPVSA-N,Butyrolactone I,Unknown,Aspergillus sp. F-25799,7,doi:10.5281/zenodo.3541270,MycoMSB-HZI-002219
OUMWCYMRLMEZJH-VOXRAUTJSA-N,Chaetoglobosin A,Alkaloids,Chaetomium globosum,3,doi:10.1016/s0040-4039(01)86820-9,MycoMSB-HZI-000268
VUEFRYQBOMQOMV-CGCQETNGSA-N,Chaetoglobosin B,Alkaloids,Chaetomium globosum,3,doi:10.1016/s0040-4039(01)86820-9,MycoMSB-HZI-000258
RIZAHVBYKWUPHQ-GNNSKLCBSA-N,Chaetoglobosin C,Alkaloids,Chaetomium sp.,2,doi:10.1248/cpb.30.1609,MycoMSB-HZI-000271
KTFGDHPTDQFFRL-USMZZGTESA-N,Chaetoglobosin F,Alkaloids,Chaetomium globosum QEN-14,4,doi:10.1271/bbb.57.628,MycoMSB-HZI-000231
HWSQVPGTQUYLEQ-YWAJDOERSA-N,Chaetoviridin A,Polyketides,Chaetomium globosum,5,doi:10.1248/cpb.38.625,MycoMSB-HZI-000730
ZRZWBWPDBOVIGQ-KIDIPURZSA-N,Chetomin,Alkaloids / Amino acids and Peptides,Chaetomium cochliodes,3,doi:10.1021/acs.orglett.8b00304,MycoMSB-HZI-000710
AUWGMDYISSBOED-CCNMWVGKSA-N,Cladospirone bisepoxide,Polyketides,Cladosporium f-24'707,5,doi:10.7164/antibiotics.47.1098,MycoMSB-HZI-000387
ZXRULNXZJSCTQQ-UHFFFAOYSA-N,Cochliodinol,Polyketides,Hypoxylon macrocarpum,1,doi:10.1007/s11557-006-0021-z,MycoMSB-HZI-000129
XDRDZGUQBNNXLG-SQNVWISRSA-N,Cochliodone A,Polyketides,Chaetomium cochliodes VTh01,2,doi:10.1016/j.tet.2008.07.040,MycoMSB-HZI-000475
WJUXIDJEIYLXTQ-NTCLMWMPSA-N,Cohaerin A,Polyketides,Hypoxylon cohaerens,1,doi:10.1016/j.phytochem.2005.02.006,MycoMSB-HZI-000741
GKVWLPVTYNGYQO-TZNQKNEJSA-N,Cohaerin B,Polyketides,Hypoxylon cohaerens,5,doi:10.1016/j.phytochem.2005.02.006,MycoMSB-HZI-000724
GKKNMNFXYPXAOJ-UCAZGYMLSA-N,Cohaerin C,Polyketides,Jackrogersella cohaerens,5,doi:10.1016/j.phytochem.2013.07.027,MycoMSB-HZI-000115
BNPNEDGQFYVZTE-UHFFFAOYSA-N,Cohaerin E,Polyketides,Jackrogersella cohaerens,4,doi:10.1016/j.phytochem.2013.07.027,MycoMSB-HZI-000067
MDZAMUBMPBLGAO-MMMYSLHOSA-N,Cohaerin F,Polyketides,Annulohypoxylon cohaerens,1,doi:10.1016/j.tet.2006.04.040,MycoMSB-HZI-000720
UXVBLOOVEHJYRA-NADGSTLWSA-N,Cohaerin G,Polyketides,Jackrogersella cohaerens,3,doi:10.1016/j.phytochem.2013.07.028,MycoMSB-HZI-000116
XEFSOHOLRMCPDH-JXMWATIUSA-N,Cohaerin H,Polyketides,Jackrogersella cohaerens,1,doi:10.1016/j.phytochem.2013.07.029,MycoMSB-HZI-000119
NHUXJSBCFWUZGX-KMNUGQMISA-N,Colpomenoic acid A,Amino acids and Peptides / Polyketides,Colpoma sp.,2,doi:10.3390/biom11060783,MycoMSB-HZI-000395
XWTALPIXEKTSAZ-NXCOISIBSA-N,Colposetin A,Amino acids and Peptides / Polyketides,Colpoma sp.,3,doi:10.3390/biom11060783,MycoMSB-HZI-000577
DZINDAVQKCYZRI-CRJYUTKZSA-N,Colposetin C,Polyketides,Colpoma sp.,4,doi:10.3390/biom11060783,MycoMSB-HZI-000921
BDEAXAAAVNORJQ-PZYGVSLXSA-N,Connatusin A,Terpenoids,Lentinus connatus BCC 8996,2,doi:10.1021/np0502286,MycoMSB-HZI-000914
BWDRVAKXNVFADI-VOUTZNEASA-N,Connatusin B,Unknown,Lentinus connatus BCC 8996,2,doi:10.1021/np0502286,MycoMSB-HZI-002009
FLSSXXIBSVDSKS-UFWORHAWSA-N,Corallocin B,Alkaloids,Hericium coralloides,4,doi:10.1021/acs.jnatprod.6b00371,MycoMSB-HZI-000690
PHRCULZLDFTOFU-BQYQJAHWSA-N,Cordyanhydrid B,Unknown,Hypoxylon lienhwacheense,2,doi:10.1002/cbic.202500037,MycoMSB-HZI-003025
FCYLLGSBJNTSAP-DZYDHYRWSA-N,Cryptoporic acid B,Terpenoids,Cryptoporus volvatus,3,doi:10.1016/s0040-4039(01)91358-9,MycoMSB-HZI-000760
AFCITBAGIYUEPK-YIBSWQHHSA-N,Cryptoporic acid H,Terpenoids,Polyporus ciliatus,3,doi:10.1016/s0031-9422(02)00221-2,MycoMSB-HZI-000305
NXBOOZAQZQINMQ-OECSREOESA-N,Cryptoporic acid I,Unknown,Polyporus ciliatus,4,doi:10.1016/s0031-9422(02)00221-2,MycoMSB-HZI-002237
MMGJJGNQFININV-OPYLLRRUSA-N,Cryptosphaerolide,Terpenoids,Cryptosphaeria sp. CNL-523,2,doi:10.1021/np1000889,MycoMSB-HZI-000742
QMYWKFZKRYCUMA-UHFFFAOYSA-N,Culpin,Unknown,Preussia sp.,1,doi:10.7164/antibiotics.42.1515,MycoMSB-HZI-002930
GBOGMAARMMDZGR-TYHYBEHESA-N,Cytochalasin B,Alkaloids,Helminthosporium dematioideum,1,doi:10.1039/j39670001667,MycoMSB-HZI-000212
MUWRTUOAFXGGOC-IIMGHFOXSA-N,Cytochalasin B4,Alkaloids,Phoma sp.,5,doi:10.1016/j.bmcl.2015.03.080,MycoMSB-HZI-000207
NAIODHJWOHMDJX-NGFXLRBHSA-N,Cytochalasin C,Alkaloids,"Unknown-fungus sp., KL-1.1",2,doi:10.1016/j.phytol.2015.09.004,MycoMSB-HZI-000235
NAEWXXDGBKTIMN-OWTACEMYSA-N,Cytochalasin H,Alkaloids,Phomopsis sp.,1,doi:10.1021/ja00454a035,MycoMSB-HZI-000203
UKQNIEMKORIOQM-RPSWBRMKSA-N,Cytochalasin J,Alkaloids,Phomopsis sp. CMB-M0042F,1,doi:10.1021/acs.joc.7b01793,MycoMSB-HZI-000748
KPTNCHGMLXFDLF-UHFFFAOYSA-N,Daldinal A,Polyketides,Daldinia concentrica,2,doi:10.1248/cpb.42.1528,MycoMSB-HZI-000028
OHFDANQVLXIAIK-UHFFFAOYSA-N,Daldinal B,Polyketides,Daldinia concentrica,2,doi:10.1248/cpb.42.1528,MycoMSB-HZI-000039
SCMPMWDKGKPHAZ-ZVKOEECRSA-N,Daldinin C,Polyketides,Hypoxylon macrocarpum,8,doi:10.1007/s11557-006-0021-z,MycoMSB-HZI-000093
KEHOQOMYJLDTRB-ZZFJLFPRSA-N,Daldinin E/F,Polyketides,Hypoxylon fuscum,3,doi:10.1016/j.phytochem.2003.09.022,MycoMSB-HZI-000052
OYRYUFABCKQXTO-HGCCHXFOSA-N,Daldinone A,Polyketides,Daldinia sp.,3,doi:10.1021/np020301h,MycoMSB-HZI-000877
PJQNNAWRTWTXKU-GCRHBUKQSA-N,"Deacetyl 19,20-epoxycytochalasin C",Unknown,Xylaria karyophthora,3,doi:10.1080/00275514.2023.2188868,MycoMSB-HZI-003273
DGVHJZPQGFRVEC-LWURDOLFSA-N,Dehydrosulphurenic acid,Terpenoids,Antrodia cinnamomea,3,doi:10.1016/0031-9422(95)00767-9,MycoMSB-HZI-000442
KQFLVQIYZGNZGX-ZQLHMVIYSA-N,Deoxaphomin B,Alkaloids,Phoma sp.,2,doi:10.1016/j.bmcl.2012.03.058,MycoMSB-HZI-000218
SILLWCQCJWWTBA-SQXBUMSNSA-N,Deschlorozopfinol,Unknown,Pseudorhypophila Mangenotii,2,doi:10.3390/jof7030181,MycoMSB-HZI-003235
ZPEWXLLVRGMQRM-NKSNWBLISA-N,Dicerandrol B,Polyketides,Penicillium sp. CR1642D,4,doi:10.1021/np010020u,MycoMSB-HZI-000596
UQVHQQQKJXHPAP-UHFFFAOYSA-N,Dichotosinin,Polyketides,NA,2,,MycoMSB-HZI-000110
WIDYUZWPFIHVCW-WVHDAOKDSA-N,Dihydropleurotinic acid,Terpenoids,Hohenbuehelia grisea MFLUCC 12-0451,3,doi:10.3390/molecules23102697,MycoMSB-HZI-000413
UGMQOYZVOPASJF-OXUZYLMNSA-N,Eburicoic acid,Unknown,Bacillus flexus,2,doi:10.1038/166652a0,MycoMSB-HZI-002200
ZYNRBYMEEMYOLK-NZZGPMRASA-N,Elaeicolaside C,Unknown,Dematophora bunodes,5,doi:10.1016/j.simyco.2020.01.001,MycoMSB-HZI-003150
KHXIYTOCQZQSDM-XYOKQWHBSA-N,Engleromycin,Unknown,Xylaria karyophthora,2,doi:10.1080/00275514.2023.2188868,MycoMSB-HZI-003271
NQRGNSMJSDQOED-FQAGGABLSA-N,Eremofortin A,Terpenoids,Penicillium roqueforti,4,doi:10.1016/s0040-4039(00)92896-x,MycoMSB-HZI-000512
ISIMKBKTIVYXIT-CXCWBWGXSA-N,Ergokonin A,Unknown,Trichoderma koningii,2,doi:10.1002/jlac.199119910163,MycoMSB-HZI-003032
ISIMKBKTIVYXIT-OKSKHTPRSA-N,Ergokonin B,Unknown,Trichoderma koningii,2,doi:10.1002/jlac.199119910163,MycoMSB-HZI-003117
LPPCHLAEVDUIIW-NLLUTMDRSA-N,Erinacin A,Unknown,Hericium erinaceus,3,doi:10.3390/ijms19030740,MycoMSB-HZI-003252
QLXVRMHCIDQLSG-BMMRGBERSA-N,Erinacin T,Unknown,Hericium erinaceus,3,doi:10.1038/s41429-018-0065-8,MycoMSB-HZI-003047
BEECYWPPXWUPIT-UHFFFAOYSA-N,Erinacine B,Terpenoids,Hericium erinaceum,4,doi:10.1016/s0040-4039(00)76760-8,MycoMSB-HZI-000812
GZYIEALVVYTAQB-MJQLVKIDSA-N,Eucalactam B,Polyketides,Diaporthe eucalyptorum KY-9,5,doi:10.1021/acs.jafc.9b07825,MycoMSB-HZI-000477
MBPKWWNMUUTTPP-UHFFFAOYSA-N,Farinosone B,Alkaloids,Paecilomyces farinosus,3,doi:10.1021/np049761w,MycoMSB-HZI-002182
ZYWUPCDHVYGPGI-YVAMNULUSA-N,Farinosone D,Unknown,Samsoniella aurantia,5,doi:10.3762/bjoc.21.23,MycoMSB-HZI-003064
SDVHFMSSWIIGCL-ASDINTJWSA-N,Favolon,Terpenoids,Favolaschia sp. 87129,4,doi:10.7164/antibiotics.48.725,MycoMSB-HZI-000340
NVBACLQLVNIJSN-ONHZAOQJSA-N,Fragiformin B,Polyketides,Hypoxylon fragiforme,2,doi:10.1016/j.mycres.2006.03.013,MycoMSB-HZI-000018
ALRYFFWQBUQIHL-ORLYWQOISA-N,Fragirubrin A,Polyketides,Hypoxylon fragiforme,5,doi:10.1002/chem.202003215,MycoMSB-HZI-000120
UXJVQCGNBHNCJP-KNOIUALASA-N,Fragirubrin C,Polyketides,Hypoxylon fragiforme,5,doi:10.1007/s13225-018-0412-x,MycoMSB-HZI-003162
OYXIATLDQCREST-CKLYHEHBSA-N,Fragirubrin D,Polyketides,Hypoxylon fragiforme,4,doi:10.1007/s13225-018-0412-x,MycoMSB-HZI-003126
CGOCLPVLXNAUEN-NEBZKDRISA-N,Fulvoferruginin,Terpenoids,Gymnopus sp. 0612-9,3,doi:10.1007/s10600-019-02832-2,MycoMSB-HZI-000367
NIADUYGOMRZDBJ-QIRZIZBZSA-N,Fulvoferruginin B,Unknown,Marasmius sp.,1,doi:10.3762/bjoc.17.97,MycoMSB-HZI-003071
MDWIEMNQCKCSKM-QIRZIZBZSA-N,Fulvoferruginin D,Unknown,Marasmius sp.,2,doi:10.3762/bjoc.17.97,MycoMSB-HZI-003167
NGGMYCMLYOUNGM-CSDLUJIJSA-N,Fumagillin,Unknown,Aspergillus funigatus H-3,3,doi:10.1021/ja01475a029,MycoMSB-HZI-002498
GJSSYQDXZLZOLR-ONUGHKICSA-N,Fumigaclavine A,Alkaloids,Aspergillus fumigatus,1,doi:10.1002/cbic.200900395,MycoMSB-HZI-003289
DBEYVIGIPJSTOR-FHWLQOOXSA-N,Fumitremorgin C,Alkaloids / Amino acids and Peptides,Aspergillus fumigatus,4,doi:10.5281/zenodo.3541160,MycoMSB-HZI-000353
IXORZMNAPKEEDV-OBDJNFEBSA-N,Gibberellic acid,Unknown,Fusarium moniliforme,7,doi:10.1007/BF00357571,MycoMSB-HZI-003092
RCGTUQOTSVCVCF-CMPLNLGQSA-N,Heimiocalamene A,Unknown,Heimiomyces sp.,1,doi:10.1021/acs.jnatprod.2c01015,MycoMSB-HZI-003304
YXEBTVUHQLPMEL-UHFFFAOYSA-N,Heimiocalamene B,Shikimates and Phenylpropanoids / Terpenoids,Heimiomyces sp.,1,doi:10.1021/acs.jnatprod.2c01015,MycoMSB-HZI-003075
LMLHRSCJBYWBPI-HNAYVOBHSA-N,Heimiomycin A,Shikimates and Phenylpropanoids,Heimiomyces sp. (MUCL 56078),4,doi:10.1021/acs.jnatprod.0c00486,MycoMSB-HZI-000883
MYZAKHBZTJWBBA-WMLDXEAASA-N,Heimiomycin B,Shikimates and Phenylpropanoids,Heimiomyces sp. (MUCL 56078),4,doi:10.1021/acs.jnatprod.0c00486,MycoMSB-HZI-000416
UTFNFJGYVPYTEJ-GXSJLCMTSA-N,Heimiomycin D,Terpenoids,Heimiomyces sp.,3,doi:10.1021/acs.jnatprod.2c01015,MycoMSB-HZI-003066
KXBIRHKIESBHKT-QHBQVUQKSA-N,Heimionone A,Unknown,Heimiomyces sp.,3,doi:10.3390/molecules28093723,MycoMSB-HZI-003224
UGODOQRMDALGQK-BMBUGPIYSA-N,Heimionone B,Unknown,Heimiomyces sp.,3,doi:10.3390/molecules28093723,MycoMSB-HZI-003058
SKWBHOVTDDABNY-HLNPCMAPSA-N,Heimionone C,Unknown,Heimiomyces sp.,3,doi:10.3390/molecules28093723,MycoMSB-HZI-003247
LOTOIHQTQBRYJP-ABOTWDAHSA-N,Heimionone D,Unknown,Heimiomyces sp.,2,doi:10.3390/molecules28093723,MycoMSB-HZI-003228
JBBUBKRXKOESDZ-MPUHCLOFSA-N,Heimionone E,Unknown,Heimiomyces sp.,4,doi:10.3390/molecules28093723,MycoMSB-HZI-003107
WMGXUPPNMLYHPN-GJIXPYCQSA-N,Helvolic acid,Terpenoids,Aspergillus sp.,3,doi:10.5281/zenodo.3541238,MycoMSB-HZI-000539
ZJTHOPGQZOXEJX-UHFFFAOYSA-N,Hericenone B,Polyketides / Terpenoids,Hericium erinaceus,4,doi:10.1016/s0040-4039(00)94558-1,MycoMSB-HZI-000847
ULSKNVPXNYBAQZ-DEDYPNTBSA-N,Hericerin,Terpenoids,Hericium erinaceum,4,doi:10.1080/00021369.1991.10870996,MycoMSB-HZI-000656
HLGCEVWDIZFNHK-UHFFFAOYSA-N,Hinnulin A,Polyketides,Jackrogersella minutella,1,doi:10.1016/j.phytochem.2017.02.014,MycoMSB-HZI-000019
SGJNQVTUYXCBKH-UHFFFAOYSA-N,Hispidin,Shikimates and Phenylpropanoids,Polyporus hispidus,3,doi:10.1039/jr9610004995,MycoMSB-HZI-000405
CZNARLRCWXWZDR-ZEQJVDEVSA-N,Hybridorubrin A,Polyketides,Hypoxylon fragiforme,2,doi:10.1002/chem.202003215,MycoMSB-HZI-000824
CGMQDMKDINCGOB-UHFFFAOYSA-N,Hypholomin B,Shikimates and Phenylpropanoids,Heimiomyces sp.,6,doi:10.3390/molecules28093723,MycoMSB-HZI-003137
TYURHYMMTQGDOP-LLSAIIIMSA-N,Hypomiltin,Polyketides,Hypoxylon hypomiltum,3,doi:10.1007/s11557-006-0108-6,MycoMSB-HZI-000112
GHFRGNHGUDJTGJ-OAHLLOKOSA-N,Illudaneol,Unknown,Omphalotus mexicanus,3,doi:10.1002/pca.3301,MycoMSB-HZI-003029
CZJQQVLIRLMDAK-HNNXBMFYSA-N,Illudaneol B,Unknown,Omphalotus mexicanus,4,doi:10.1002/pca.3301,MycoMSB-HZI-003143
QVMDIQLUNODCTG-OCCSQVGLSA-N,Illudin M,Terpenoids,Unknown-fungus sp.,4,doi:10.1016/s0031-9422(00)97229-7,MycoMSB-HZI-000880
NPLQKYGNQZPTFE-CYBMUJFWSA-N,Ionylideneacetic acid,Terpenoids,Phellinus vaninii,1,doi:10.5941/myco.2015.43.1.43,MycoMSB-HZI-000591
SSNLCVXEGIPQES-DALSRYILSA-N,Isochromophilonol A1/A2,Unknown,Diaporthe africana,3,doi:10.3390/jof9070781,MycoMSB-HZI-003022
DMPXDLRQZYXVHL-UHFFFAOYSA-N,Isocochliodinol,Unknown,Botryotrichum murorum,1,doi:10.1038/s41598-026-52958-x,MycoMSB-HZI-003054
PGTQRMPLONEWBV-YIBSWQHHSA-N,Isocryptoporic acid H,Terpenoids,Polyporus ciliatus,2,doi:10.1016/s0031-9422(02)00221-2,MycoMSB-HZI-000566
NIGWURVKGDGBRS-UHFFFAOYSA-N,Isofusidienol A,Polyketides,Chalara sp. 6661,2,doi:10.1002/ejoc.200700839,MycoMSB-HZI-000655
MZRDRLOYHFZNCS-IZVHRENNSA-N,Ketocytochalasin,Alkaloids,Arthrinium arundinis,3,doi:10.1055/s-0034-1383403,MycoMSB-HZI-000402
NURLHSPPHKMUKM-QMMMGPOBSA-N,Laccanthrilic acid B,Unknown,Laccaria laccata,4,doi:10.1016/j.phytochem.2019.01.008,MycoMSB-HZI-003231
MDPWBYGDZIOSBE-PWUJMTERSA-N,Laetiporin B,Unknown,Laetiporus sp.,5,doi:10.1016/j.phytol.2017.04.009,MycoMSB-HZI-003177
UWALYTVIDRSYEH-PZGXJGMVSA-N,Lenormandin F,Polyketides,Hypoxylon macrocarpum,3,doi:10.1007/s11557-006-0021-z,MycoMSB-HZI-000080
WARJUSKWWJAEMB-JVNDIMESSA-N,Lenormandin G,Polyketides,Hypoxylon macrocarpum,2,doi:10.1007/s11557-006-0021-z,MycoMSB-HZI-000078
BNFJBHCORXYILM-JJSZLYBCSA-O,Leucinostatin U,Unknown,Ijuhya vitellina,1,doi:10.3390/antibiotics9030132,MycoMSB-HZI-003221
YFSWTQQLSUEQBY-CNVPOBLBSA-N,Libertellenon C,Unknown,Libertella sp.,1,doi:10.1016/j.bmc.2005.05.068,MycoMSB-HZI-003046
XJIRNLLEKHGNLM-UHFFFAOYSA-N,Macrocarpon A,Polyketides,Hypoxylon macrocarpum,3,doi:10.1007/s11557-006-0021-z,MycoMSB-HZI-000025
MMJLIEREEJXFMU-MEYUZBJRSA-N,Macrocidin A,Unknown,Phoma macrostoma,4,doi:10.1021/np030193e,MycoMSB-HZI-002461
QEPWVSUNMKZYAH-CJNGLKHVSA-N,Macrocidin Z,Shikimates and Phenylpropanoids,Phoma macrostoma,2,doi:10.3390/molecules25235497,MycoMSB-HZI-003041
ZVRUDYNVKYYNCW-ONEGZZNKSA-N,Massarilactone H,Unknown,Phoma herbarum,1,doi:10.1055/s-0031-1280251,MycoMSB-HZI-003206
RCBZBPPFXBBNCD-IQEKTTGQSA-N,Melledonal C,Unknown,Armillaria ostoyae,2,doi:10.1002/anie.202318505,MycoMSB-HZI-003076
VWIPRLLXWTUBOM-KLMFUOAUSA-N,Melledonol,Terpenoids,Armillaria mellea,2,doi:10.1016/s0040-4039(00)95035-4,MycoMSB-HZI-000178
LNEWYAZEAYTKQI-UEXMDZLUSA-N,Melleolid J,Unknown,Armillaria ostoyae,2,doi:10.1002/anie.202318505,MycoMSB-HZI-003008
NHDJKXOHRUHQHG-UHFFFAOYSA-N,Melleolide B,Terpenoids,Armillaria mellea,2,doi:10.1016/S0031-9422(00)85503-X,MycoMSB-HZI-000184
PSCSRVBGZZBKIW-IQEKTTGQSA-N,Melleolide D,Terpenoids,Armillaria mellea,4,doi:10.1016/S0031-9422(00)85503-X,MycoMSB-HZI-000383
UMEBHTBMSZKYQM-UEXMDZLUSA-N,Melleolide I,Terpenoids,Armillaria novae-zelandiae,3,doi:10.7164/antibiotics.53.137,MycoMSB-HZI-000916
MQGKKAARIPLGTI-UHFFFAOYSA-N,Methyl-isoxerocomate,Shikimates and Phenylpropanoids,Phlebopus portentosus,3,doi:10.1007/s11557-020-01643-y,MycoMSB-HZI-003114
NBLRSPCFGYCXHJ-UHFFFAOYSA-N,Methylvermelhotin,Polyketides,Hypoxylon lechatii,1,doi:10.1016/j.funbio.2013.12.003,MycoMSB-HZI-003220
ARIRKWOGKXMXSQ-RNEKESDJSA-N,Microporenic acid A,Terpenoids,Microporus sp.,3,doi:10.1021/acs.jnatprod.7b00764,MycoMSB-HZI-000756
ZBDVBGZCDFAFSD-WUHCIOOHSA-N,Microporenic acid B,Terpenoids,Microporus sp.,6,doi:10.1021/acs.jnatprod.7b00764,MycoMSB-HZI-000717
WSFQFDPAWTWVMC-CZUORRHYSA-N,Microshaeropsone A,Unknown,Microsphaeropsis sp.,3,doi:10.1002/chem.200900749,MycoMSB-HZI-003214
QMIVTDDJTVQZLY-LYTHVRBOSA-N,Minutellin A,Polyketides,Jackrogersella minutella,6,doi:10.1016/j.phytochem.2017.02.014,MycoMSB-HZI-000055
ZLULUXWJVBHEMS-FNEOHHHZSA-N,Mitorubrin,Polyketides,Hypoxylon fragiforme,4,doi:10.1002/chem.202003215,MycoMSB-HZI-000049
ZJIWQCFXEQSFGR-SHTLVRLNSA-N,Mitorubrinic acid,Polyketides,Hypoxylon fragiforme,2,doi:10.1002/chem.202003215,MycoMSB-HZI-000017
NXJNWGPNUAVXHT-SHTLVRLNSA-N,Mitorubrinol,Polyketides,Hypoxylon fragiforme,4,doi:10.1002/chem.202003215,MycoMSB-HZI-000023
YNYQKCNDIDXLPZ-OIUIXCLQSA-N,Mitorubrinol acetate,Polyketides,Hypoxylon rubiginosum,6,doi:10.3897/mycokeys.66.50946,MycoMSB-HZI-000047
HPSKGDOQAYWCCU-UHFFFAOYSA-N,Multiformin B,Polyketides,Jackrogersella multiformis,3,doi:10.1055/s-2005-873129,MycoMSB-HZI-000051
GZUXRUTVCHYRFG-YFZZVWQSSA-N,Multiformin D,Polyketides,Hypoxylon ascomycete Hypoxylon multiforme,2,doi:10.1055/s-2005-873129,MycoMSB-HZI-000707
TXVWNUBEANXHMB-DQNMQBCPSA-N,Myceliothermophin E,Amino acids and Peptides / Polyketides,Myceliophthora thermophila,4,doi:10.1002/chem.200700038,MycoMSB-HZI-002127
HPNSFSBZBAHARI-RUDMXATFSA-N,Mycophenolic acid,Polyketides,Aspergillus sp.,5,doi:10.1042/bj0500630,MycoMSB-HZI-001000
ZALWBYOUGDMNTP-RXSCCBSPSA-N,Myrocin B,Terpenoids,Myrothecium verrucaria,5,doi:10.1271/bbb1961.52.1305,MycoMSB-HZI-000990
RLJIBZUVXXXXGI-WCBMZHEXSA-N,Nebucane A,Terpenoids,Clitocybe nebularis,3,doi:10.1021/acs.jnatprod.2c00554,MycoMSB-HZI-003147
ZMRBZHZIQAONHH-UHFFFAOYSA-N,Nebucane D,Terpenoids,Clitocybe nebularis,3,doi:10.1021/acs.jnatprod.2c00554,MycoMSB-HZI-003087
YADFASCXCUPBMT-FLBPPNCPSA-N,Nebucane E,Unknown,Clitocybe nebularis,4,doi:10.1021/acs.jnatprod.2c00554,MycoMSB-HZI-003186
BRHYSVIYRNFZEB-UHFFFAOYSA-N,Obionin A,Polyketides,Leptosphaeria obiones,2,doi:10.1016/s0040-4039(00)99419-x,MycoMSB-HZI-000516
DHMPJEGFPQTNFX-UHFFFAOYSA-N,Oosporein,Polyketides,Chaetomium aureum,1,doi:10.1039/jr9550002163,MycoMSB-HZI-000734
TXEVVAPERSDMTN-KAKRINCYSA-N,Ophiobolin K,Terpenoids,Aspergillus sp.,5,doi:10.1016/s0040-4020(01)96148-4,MycoMSB-HZI-000420
BDXBHYOFNNANPN-RTBURBONSA-N,Palmarumycin C3,Polyketides,Coniothyrium sp.,3,doi:10.1002/jlac.199419941108,MycoMSB-HZI-000399
UEYMIBGYKZFDMD-MQOMDTIOSA-N,Papyracillic acid A,Unknown,Lachnum papyraceum,2,doi:10.1016/0040-4020(96)00559-5,MycoMSB-HZI-003207
QLIJDZRMCHOSHG-UHFFFAOYSA-N,Pestabacillin B,Terpenoids,Unknown-bacterium sp.,10,doi:10.1016/j.tetlet.2016.12.026,MycoMSB-HZI-000780
AJFPOVBARCSOLH-MUYACECFSA-N,Petasol,Terpenoids,Penicillium sp.,1,doi:10.1002/cbdv.200490162,MycoMSB-HZI-000445
SCUSRFZUNUWYTD-UHFFFAOYSA-N,Phlebopyrone,Shikimates and Phenylpropanoids,Phlebopus portentosus,2,doi:10.1007/s11557-020-01643-y,MycoMSB-HZI-003105
FGBCTHWFZGPKDZ-MFKMUULPSA-N,Phomol,Polyketides,Phomopsis sp. E02018,1,doi:10.7164/antibiotics.57.559,MycoMSB-HZI-000740
JVLHNUNFFFDFDT-XIHPKKOBSA-N,Phomopchalasin A,Alkaloids,Phomopsis sp. shj2,5,doi:10.1021/acs.orglett.6b00214,MycoMSB-HZI-000213
ZCLZNQUALWMDDN-ACMZUNAXSA-N,Phomoxanthone A,Polyketides,Phomopsis sp. BCC 1323,2,doi:10.1021/np010006h,MycoMSB-HZI-000870
FDWJUXZXNAQEPD-UHFFFAOYSA-N,Pigmentosin A,Polyketides,Hypotrachyna immaculata,2,doi:10.1071/ch04003,MycoMSB-HZI-000901
VUPURRJSLQKYJL-POJXQBLJSA-N,Pleurothiazole,Terpenoids,Hohenbuehelia grisea,3,doi:10.1021/acs.jnatprod.7b00713,MycoMSB-HZI-000509
LMSUWCOEKCRCEB-XYOUVAGFSA-N,Preussilide A,Polyketides,Preussia similis,4,doi:10.1021/acs.jnatprod.7b00064,MycoMSB-HZI-000480
QTIOSMDWFDPTSG-UTFLDQSTSA-N,Prototenellin D,Amino acids and Peptides / Polyketides,Beauveria bassiana,2,doi:10.1021/ja807052c,MycoMSB-HZI-000987
CHHKGJIZUJUBDN-CYBMUJFWSA-N,Pseudoanguillosporin A,Polyketides,Pseudoanguillospora sp.,2,doi:10.1002/ejoc.200801083,MycoMSB-HZI-000313
SLYDIPAXCVVRNY-UOWMTANKSA-N,Pseurotin A,Amino acids and Peptides / Polyketides,Aspergillus fumigatus WFZ-25,2,doi:10.1002/hlca.19760590114,MycoMSB-HZI-000925
SLYDIPAXCVVRNY-FURSAZSWSA-N,Pseurotin A4,Amino acids and Peptides / Polyketides,Wilsonomyces carpophilus,2,doi:10.1016/j.phytol.2018.06.018,MycoMSB-HZI-000361
SLYDIPAXCVVRNY-QYCAIMRZSA-N,Pseurotin A5,Amino acids and Peptides / Polyketides,Wilsonomyces carpophilus,4,doi:10.1016/j.phytol.2018.06.018,MycoMSB-HZI-000765
GZAYJWNDYQINEI-NDGNACSKSA-N,Pseurotin D,Unknown,Pseudeurotium ovalis,4,doi:10.1002/hlca.19810640203,MycoMSB-HZI-003173
AECZOENDDUTONS-PWSPGYJUSA-N,Pyrichalasin H,Alkaloids,Pyricularia grisea,3,doi:10.1271/bbb1961.51.2625,MycoMSB-HZI-000200
RZNMCGWGYUMEOL-HTKXOECOSA-N,Pyridovericin,Alkaloids,Beauveria bassiana,1,doi:10.7164/antibiotics.51.596,MycoMSB-HZI-000661
GOSSDHHYVCWSCT-IHMRMOLWSA-N,Pyristriatin B,Terpenoids,Cyathus cf. striatus,3,doi:10.1021/acs.jnatprod.6b00194,MycoMSB-HZI-000344
PCFXNYBHUVSXEK-ZABCOECVSA-N,Rhodatin,Unknown,Rhodotus palmatus,3,doi:10.1021/acs.orglett.9b01017,MycoMSB-HZI-002788
KMNBURIPCCDPIF-JAPZVGMSSA-N,Rhodocorane A,Terpenoids,Rhodotus palmatus,4,doi:10.1021/acs.orglett.9b01017,MycoMSB-HZI-000432
PIGBFRXBCWBHTG-FFIJEWMLSA-N,Rhodocorane D,Terpenoids,Rhodotus palmatus,3,doi:10.1021/acs.orglett.9b01017,MycoMSB-HZI-000750
BQYFYCLMDKBLPO-FFIJEWMLSA-N,Rhodocorane E,Unknown,Rhodotus palmatus,2,doi:10.1021/acs.orglett.9b01017,MycoMSB-HZI-002185
NXASRCLLNRHDMV-UYUMYWFVSA-N,Rhodocorane F,Terpenoids,Rhodotus palmatus,1,doi:10.1021/acs.jnatprod.9b00871,MycoMSB-HZI-000635
CSVYJQZYIZFTCP-JYLGEYMFSA-N,Rhodocorane I,Terpenoids,Rhodotus palmatus,2,doi:10.1021/acs.jnatprod.9b00871,MycoMSB-HZI-000962
CSVYJQZYIZFTCP-PNABEOTDSA-N,Rhodocorane J,Terpenoids,Rhodotus palmatus,2,doi:10.1021/acs.jnatprod.9b00871,MycoMSB-HZI-000903
WBZDMHOGIFWJIG-BIAAXOCRSA-N,Rhodocorane K,Unknown,Rhodotus palmatus,2,doi:10.1021/acs.jnatprod.9b00871,MycoMSB-HZI-002523
JOVXGJFDWIAZDW-UHFFFAOYSA-N,Rickenyl A,Amino acids and Peptides,Hypoxylon rickii,1,doi:10.1016/j.phytochem.2015.08.004,MycoMSB-HZI-000001
RVHMPIHHNZVLMH-UHFFFAOYSA-N,Rickenyl B,Amino acids and Peptides,Hypoxylon rickii,4,doi:10.1016/j.phytochem.2015.08.005,MycoMSB-HZI-000002
SKKUPTPBYKRTOQ-UHFFFAOYSA-N,Rickenyl C,Amino acids and Peptides,Hypoxylon rickii,2,doi:10.1016/j.phytochem.2015.08.006,MycoMSB-HZI-000005
QOFOPUXDBNNMHW-UHFFFAOYSA-N,Rickenyl D/E,Amino acids and Peptides,Hypoxylon rickii,2,doi:10.1016/j.phytochem.2015.08.007,MycoMSB-HZI-000006
ZPZBRVXCZBYHPI-UHFFFAOYSA-N,Rickiol A,Polyketides,Hypoxylon rickii,8,doi:10.1002/chem.201704928,MycoMSB-HZI-000008
OXTHXRVCXZMQIL-ZSBYDBFHSA-N,Rickiol C,Unknown,Hypoxylon rickii,3,doi:10.1002/chem.201704928,MycoMSB-HZI-002495
SQCWVFMWNBADBV-KGMVHGDISA-N,Rickiol E,Fatty acids,Hypoxylon rickii,2,doi:10.1002/chem.201704928,MycoMSB-HZI-000920
WFHNHKIPMIIXND-RWFKHETPSA-N,Rickiol F,Unknown,Hypoxylon rickii,2,doi:10.1002/chem.201704928,MycoMSB-HZI-003099
PHGIAZZKSBKALI-WOJBJXKFSA-N,Rickitin,Terpenoids,Hypoxylon rickii,7,doi:10.1016/j.phytochem.2015.06.002,MycoMSB-HZI-000012
SPWSUFUPTSJWNG-JJUKSXGLSA-N,Roquefortine C,Unknown,Unknown-fungus sp.,3,doi:10.1271/bbb1961.41.2097,MycoMSB-HZI-002407
UWAPCCUFQCTXOV-ONEGZZNKSA-N,Rosellisin,Unknown,Hypomyces rosellus,1,doi:10.1016/s0031-9422(00)84424-6,MycoMSB-HZI-002181
ZDAMBVJOZXCGPS-IXGFDZCOSA-N,Rubiginosin A,Polyketides,Hypoxylon rubiginosum,6,doi:10.3897/mycokeys.66.50946,MycoMSB-HZI-000069
ZRJGOGLZGFEQJT-RIEYKTBPSA-N,Rubiginosin B,Polyketides,Hypoxylon macrocarpum,2,doi:10.1007/s11557-006-0021-z,MycoMSB-HZI-000076
TYZWBYXLNZVGMK-KMRXNPHXSA-N,Rubiginosin C,Polyketides,Hypoxylon rubiginosum,4,doi:10.1021/np040063l,MycoMSB-HZI-002011
OYNIPTDPTUSUAY-TVCYCJOPSA-N,Rugulosin,Polyketides,Sepedonium ampullosporum,1,doi:10.7164/antibiotics.22.71,MycoMSB-HZI-002786
OQKLHNURLMVVRL-HLQXDFMSSA-N,Rutilin A,Polyketides,Hypoxylon rutilum,3,doi:10.1016/j.tet.2005.06.077,MycoMSB-HZI-000590
HVINFLOKBRBVTE-COCZKOEFSA-N,Rutilin C,Polyketides,Hypoxylon fragiforme,2,doi:10.1002/chem.202003215,MycoMSB-HZI-003090
LNTWALOWKPLMBS-DHQQIBILSA-N,Rutilin D,Unknown,Hypoxylon fragiforme,4,doi:10.1002/chem.202003215,MycoMSB-HZI-003013
IGFYOFOQFNFWGG-HOFBHRKTSA-N,Saccalasin A,Unknown,Daldinia sacchari,5,doi:10.1007/s11557-018-1413-6,MycoMSB-HZI-003292
MQSXZQXHIJMNAF-UHFFFAOYSA-N,Skyrin,Polyketides,Trypetheliopsis boninensis,1,doi:10.3891/acta.chem.scand.24-3331,MycoMSB-HZI-000299
OGGVRVMISBQNMQ-YPBSLCSMSA-N,Sordarin,Unknown,Streptomyces capreolus,6,doi:10.7164/antibiotics.54.948,MycoMSB-HZI-002215
SURWZKAHNYUGSO-FWTPWJSVSA-N,Sparticolin A,Polyketides,Sparticola junci,3,doi:10.1021/acs.jnatprod.9b00604,MycoMSB-HZI-000370
ILFMNYPCSHWMFW-UHFFFAOYSA-N,Sparticolin B,Polyketides,Sparticola junci,2,doi:10.1021/acs.jnatprod.9b00604,MycoMSB-HZI-002235
MFOCYSKXKXAQBP-IHRRRGAJSA-N,Sparticolin E,Polyketides,Sparticola junci,4,doi:10.1021/acs.jnatprod.9b00604,MycoMSB-HZI-000790
UZGMLZZZTKLXGC-KKUMJFAQSA-N,Sparticolin F,Unknown,Sparticola junci,3,doi:10.1021/acs.jnatprod.9b00604,MycoMSB-HZI-002193
BETLGQZUJLQRQC-GOSISDBHSA-N,Sparticolin G,Polyketides,Sparticola junci,4,doi:10.1021/acs.jnatprod.9b00604,MycoMSB-HZI-000788
UTSVPXMQSFGQTM-DCXZOGHSSA-N,Sterigmatocystin,Polyketides,Aspergillus versicolor (Vuillemin) tiraboschi,3,doi:10.1039/jr9600002169,MycoMSB-HZI-000817
ZDIQYKMDNQULMX-PJUQCDRASA-N,Strobilurin B,Unknown,Strobilurus tenacellus No. 21602,4,doi:10.7164/antibiotics.30.806,MycoMSB-HZI-002196
XZEKQUYJGSOILA-LWURDOLFSA-N,Sulphurenic acid,Terpenoids,Antrodia cinnamomea,2,doi:10.1016/0031-9422(95)00767-9,MycoMSB-HZI-000338
FLJVCTAWIDPKTG-RMRHIDDWSA-N,Sulphureuine H,Terpenoids,Laetiporus sulphureus,1,doi:10.1016/j.fitote.2015.01.022,MycoMSB-HZI-000900
UGISZOXYFHGCSR-IKIFYQGPSA-N,Trichothecolone acetate,Terpenoids,Microcyclospora tardicrescens,4,doi:10.1021/jf500153d,MycoMSB-HZI-000960
CEJMBHGSAHCRPJ-UHFFFAOYSA-N,Truncaquinone A,Amino acids and Peptides,Annulohypoxylon truncatum,2,doi:10.1016/j.tetlet.2016.04.014,MycoMSB-HZI-000073
BKRWGHXVQLNRMR-UHFFFAOYSA-N,Truncaquinone B,Amino acids and Peptides,Annulohypoxylon truncatum,3,doi:10.1016/j.tetlet.2016.04.014,MycoMSB-HZI-000071
KMZYINVXZDQCKC-GOSISDBHSA-N,Trypacidin,Polyketides,Aspergillus fumigatus,2,doi:10.3891/acta.chem.scand.19-0528,MycoMSB-HZI-000483
LRXYHMMJJCTUMY-GWXUGYLUSA-N,Verruculogen,Alkaloids / Amino acids and Peptides,Penicillium verruculosum,2,doi:10.1021/ja00828a054,MycoMSB-HZI-000288
SUWQGLGDFGHZNH-WBWZXODPSA-N,Viridicatumtoxin,Polyketides / Terpenoids,Penicillium aethiopicum,2,doi:10.1016/0041-008x(73)90057-4,MycoMSB-HZI-000500
DBHVIZGJTLWNTC-GKPPUABTSA-N,Viriditin A,Unknown,Byssochlamys spectabilis,3,doi:10.1016/j.tetlet.2019.151446,MycoMSB-HZI-003072
VZNCGLFWZZLBMT-UHFFFAOYSA-N,Vulculic acid,Polyketides,Penicillium sp.,1,doi:10.1271/bbb1961.55.1137,MycoMSB-HZI-000309
WICHONPZVIYWIJ-NXEZZACHSA-N,Xanthomegnin,Polyketides,Nannizzia cajetalli,2,doi:10.1135/cccc19811210,MycoMSB-HZI-002260
NNDQQXKLLBQGJV-PFPMWLNGSA-N,Xanthoquinodin A11,Unknown,Jugulospora vestita,2,doi:10.3390/jof6040188,MycoMSB-HZI-003237
OFEOEDKSDPBJNK-NKUSYRMFSA-N,Xanthoquinodin B10,Polyketides,Jugulospora vestita,2,doi:10.3390/jof6040188,MycoMSB-HZI-003061
DMNVAUVBGPZALF-NNDCRWLCSA-N,Xanthoquinodin B11,Unknown,Jugulospora vestita,2,doi:10.3390/jof6040188,MycoMSB-HZI-003078
FMBSYEPYXXBTGH-ZIYRBHPRSA-N,Xanthoquinodin B12,Unknown,Jugulospora vestita,1,doi:10.3390/jof6040188,MycoMSB-HZI-003305
MIXHWSDHAMCPPR-AXBVMLDUSA-N,Xanthoquinodin B13,Unknown,Jugulospora vestita,2,doi:10.3390/jof6040188,MycoMSB-HZI-003239
CGYJFOOLHKVVLW-URKGIYNXSA-N,Xanthoquinodin B4,Polyketides,Chaetomium elatum (No. 63-10-3-1),1,doi:10.1021/np400041y,MycoMSB-HZI-000308
LJVSOLKVNIGBDE-UHFFFAOYSA-N,Xerocomic acid,Shikimates and Phenylpropanoids,Phlebopus portentosus,4,doi:10.1007/s11557-020-01643-y,MycoMSB-HZI-003182
MBMQEIFVQACCCH-LBPRGKRZSA-N,Zearalenone,Polyketides,Fusarium sp. PSU-ES123,3,doi:10.1016/j.tet.2016.08.048,MycoMSB-HZI-002298
XQRSBCSTXRDZSA-RXUIJTJXSA-N,Zopfinol,Unknown,Pseudorhypophila Mangenotii,4,doi:10.3390/jof7030181,MycoMSB-HZI-003017
